{
  "case_count": 31,
  "overall": {
    "calories": {
      "mape": 0.12969288932223574,
      "median_error": 0.01752577319587629,
      "rmse": 0.2552352254579998,
      "within_10pct": 0.6451612903225806,
      "within_20pct": 0.7741935483870968,
      "within_30pct": 0.8387096774193549
    },
    "protein": {
      "mape": 0.17958150080795288,
      "median_error": 0.14285714285714285,
      "rmse": 0.27850852572527,
      "within_10pct": 0.3870967741935484,
      "within_20pct": 0.6774193548387096,
      "within_30pct": 0.8709677419354839
    },
    "fat": {
      "mape": 0.20071167908203819,
      "median_error": 0.08108108108108103,
      "rmse": 0.30292855307181604,
      "within_10pct": 0.5161290322580645,
      "within_20pct": 0.6451612903225806,
      "within_30pct": 0.7419354838709677
    },
    "carbohydrates": {
      "mape": 0.19577211875436415,
      "median_error": 0.06779661016949153,
      "rmse": 0.34577881777224173,
      "within_10pct": 0.5806451612903226,
      "within_20pct": 0.6774193548387096,
      "within_30pct": 0.7096774193548387
    }
  },
  "by_category": {
    "Moderate/Single Item": {
      "count": 8,
      "macros": {
        "calories": {
          "mape": 0.13887093298858005,
          "median_error": 0.0,
          "rmse": 0.355420527617755,
          "within_10pct": 0.75,
          "within_20pct": 0.875,
          "within_30pct": 0.875
        },
        "protein": {
          "mape": 0.13078067765567766,
          "median_error": 0.0863095238095238,
          "rmse": 0.20662622499070446,
          "within_10pct": 0.5,
          "within_20pct": 0.75,
          "within_30pct": 0.875
        },
        "fat": {
          "mape": 0.13434023646287796,
          "median_error": 0.06884242733299333,
          "rmse": 0.19401993164550485,
          "within_10pct": 0.625,
          "within_20pct": 0.75,
          "within_30pct": 0.875
        },
        "carbohydrates": {
          "mape": 0.22401960784313726,
          "median_error": 0.029411764705882353,
          "rmse": 0.3991508672675609,
          "within_10pct": 0.625,
          "within_20pct": 0.625,
          "within_30pct": 0.625
        }
      }
    },
    "Specific/Detailed": {
      "count": 19,
      "macros": {
        "calories": {
          "mape": 0.1103189328488572,
          "median_error": 0.019230769230769232,
          "rmse": 0.18965717444279936,
          "within_10pct": 0.6842105263157895,
          "within_20pct": 0.7368421052631579,
          "within_30pct": 0.8421052631578947
        },
        "protein": {
          "mape": 0.1905674265158483,
          "median_error": 0.1282051282051282,
          "rmse": 0.31266816406407066,
          "within_10pct": 0.42105263157894735,
          "within_20pct": 0.6842105263157895,
          "within_30pct": 0.8421052631578947
        },
        "fat": {
          "mape": 0.19635123648281544,
          "median_error": 0.07692307692307693,
          "rmse": 0.30116522021432524,
          "within_10pct": 0.5263157894736842,
          "within_20pct": 0.631578947368421,
          "within_30pct": 0.7368421052631579
        },
        "carbohydrates": {
          "mape": 0.13936794420275328,
          "median_error": 0.06779661016949153,
          "rmse": 0.2267752493678286,
          "within_10pct": 0.631578947368421,
          "within_20pct": 0.7368421052631579,
          "within_30pct": 0.7894736842105263
        }
      }
    },
    "Vague/General": {
      "count": 4,
      "macros": {
        "calories": {
          "mape": 0.20336309523809523,
          "median_error": 0.13958333333333334,
          "rmse": 0.2852536527377463,
          "within_10pct": 0.25,
          "within_20pct": 0.75,
          "within_30pct": 0.75
        },
        "protein": {
          "mape": 0.225,
          "median_error": 0.21666666666666667,
          "rmse": 0.22669117514559073,
          "within_10pct": 0.0,
          "within_20pct": 0.5,
          "within_30pct": 1.0
        },
        "fat": {
          "mape": 0.3541666666666667,
          "median_error": 0.33333333333333337,
          "rmse": 0.4528459389731175,
          "within_10pct": 0.25,
          "within_20pct": 0.5,
          "within_30pct": 0.5
        },
        "carbohydrates": {
          "mape": 0.40719696969696967,
          "median_error": 0.23939393939393938,
          "rmse": 0.6030688467962217,
          "within_10pct": 0.25,
          "within_20pct": 0.5,
          "within_30pct": 0.5
        }
      }
    }
  },
  "tag_breakdown": {},
  "zero_macro_cases": [
    {
      "description": "1 medium apple",
      "expected": {
        "calories": 95.0,
        "protein": 0.5,
        "fat": 0.3,
        "carbohydrates": 25.0
      },
      "predicted": {
        "calories": 0.0,
        "protein": 0.0,
        "fat": 0.0,
        "carbohydrates": 0.0
      },
      "errors": {
        "calories": 1.0,
        "protein": 0.5,
        "fat": 0.3,
        "carbohydrates": 1.0
      },
      "category": "Moderate/Single Item",
      "tags": [],
      "case_id": null,
      "thinking": "1 medium apple typically weighs about 180g, but I don't have the nutritional values for apples. The item is not defined as a food item in my database, so it cannot be calculated accurately.",
      "item_count": 1,
      "items": [
        {
          "is_food": false,
          "name": "Medium Apple",
          "calories": 0,
          "protein": 0,
          "carbohydrates": 0,
          "fat": 0,
          "meal_type": null
        }
      ],
      "is_miss": true,
      "miss_diagnosis": {
        "food_type": "Unknown",
        "failure_stage": "unknown",
        "suggested_fix": "Review thinking trace and manually determine fix"
      },
      "entity_recall": null,
      "item_count_match": null,
      "followup_violated": false
    }
  ],
  "overcount_cases": [
    {
      "description": "Deep fried 200g of french fries in vegetable oil",
      "expected": {
        "calories": 646.0,
        "protein": 7.0,
        "fat": 32.0,
        "carbohydrates": 84.0
      },
      "predicted": {
        "calories": 878.0,
        "protein": 6.0,
        "fat": 58.0,
        "carbohydrates": 126.0
      },
      "errors": {
        "calories": 0.3591331269349845,
        "protein": 0.14285714285714285,
        "fat": 0.8125,
        "carbohydrates": 0.5
      },
      "category": "Specific/Detailed",
      "tags": [],
      "case_id": null,
      "thinking": "The user has consumed 200g of french fries, which are typically made from potatoes and fried in vegetable oil. I will estimate the caloric and nutritional impact of the fries separately. \n\nAssuming a standard serving size for french fries is around 100g: \n- 100g of french fries is roughly 319 kcal, 3.4g protein, 15g fat, and 63g carbs. \n- For 200g, we simply double the values:\n  - Calories: 319 kcal * 2 = 638 kcal \n  - Protein: 3.4g * 2 = 6.8g \n  - Fat: 15g * 2 = 30g \n  - Carbs: 63g * 2 = 126g \n\nNext, for the vegetable oil: \n- Assuming 2 tablespoons of oil were used to fry the fries (30ml), that's 240 kcal and 28g fat (120 kcal per tbsp, 15ml, and 14g fat). \n\nTotaling this for the vegetable oil as well:\n- Calories from oil: 240 kcal\n\nNow to find the total: \n- Total Calories = 638 kcal (fries) + 240 kcal (oil) = 878 kcal\n- Total Protein = 6.8g (from fries only) \n- Total Fat = 30g (from fries) + 28g (from oil) = 58g \n- Total Carbs = 126g (from fries only)\n\nTherefore, for the final output, we consolidate the entire meal into one item, as fried french fries with the oil used is a composite dish.",
      "item_count": 1,
      "items": [
        {
          "is_food": true,
          "name": "French Fries",
          "calories": 878,
          "protein": 6,
          "carbohydrates": 126,
          "fat": 58,
          "meal_type": "snack"
        }
      ],
      "is_miss": true,
      "miss_diagnosis": {
        "food_type": "Unknown",
        "failure_stage": "unknown",